{"cameraMode":{"drawMode":0,"name":"Shaded","section":"Shading Mode"},"sceneLighting":false,"audioPlay":false,"sceneViewState":{"showFog":true,"showMaterialUpdate":false,"showSkybox":false,"showFlares":true,"showImageEffects":true,"showParticleSystems":true},"in2DMode":false,"pivot":{"x":-0.009171247482299805,"y":3.0014681816101076,"z":2.547877073287964},"rotation":{"x":-0.10817543417215347,"y":-0.8118770122528076,"z":0.1593494564294815,"w":-0.5511473417282105},"size":1.3158833980560303,"orthographic":false}