{"cameraMode":{"drawMode":0,"name":"Shaded","section":"Shading Mode"},"sceneLighting":false,"audioPlay":false,"sceneViewState":{"showFog":true,"showMaterialUpdate":false,"showSkybox":false,"showFlares":true,"showImageEffects":true,"showParticleSystems":true},"in2DMode":false,"pivot":{"x":-1.129327654838562,"y":0.10568408668041229,"z":-0.18486228585243226},"rotation":{"x":-0.08141731470823288,"y":-0.85094153881073,"z":0.500079333782196,"w":-0.13854193687438966},"size":0.5030021667480469,"orthographic":false}