{"cameraMode":{"drawMode":0,"name":"Shaded","section":"Shading Mode"},"sceneLighting":true,"audioPlay":false,"sceneViewState":{"showFog":true,"showMaterialUpdate":false,"showSkybox":true,"showFlares":true,"showImageEffects":true,"showParticleSystems":true},"in2DMode":false,"pivot":{"x":-2.9300451278686525,"y":4.995286464691162,"z":-7.069910049438477},"rotation":{"x":-0.08141731470823288,"y":-0.85094153881073,"z":0.500079333782196,"w":-0.13854193687438966},"size":3.9247446060180666,"orthographic":false}