{"cameraMode":{"drawMode":0,"name":"Shaded","section":"Shading Mode"},"sceneLighting":true,"audioPlay":false,"sceneViewState":{"showFog":true,"showMaterialUpdate":false,"showSkybox":false,"showFlares":true,"showImageEffects":true,"showParticleSystems":true},"in2DMode":false,"pivot":{"x":9.333170890808106,"y":0.2347397804260254,"z":1.6875004768371583},"rotation":{"x":-0.10817543417215347,"y":-0.8118770122528076,"z":0.1593494564294815,"w":-0.5511473417282105},"size":7.320770263671875,"orthographic":false}